ID,Question,Correct Answer,Verification Status,Lecture Slide Source Used,Explanation
1,Which is true about remodeling of the maxilla around anterior teeth from incisors to canines?,Buccal resorption; palatal deposition,Verified with caution,Lesson 05 Maxilla lecture — remodeling/growth mechanism slides,The lecture/TQ key confirms anterior maxillary remodeling: buccal bone resorption and palatal bone deposition.
2,What happens to arch length from 9 to 20 years in untreated normal occlusion?,Decreases,Lecture-verified,"Lesson 07 Dentitions lecture — dental follicle, eruption sequence, arch changes",The dental arch lecture notes show arch length decreases from 9 to 20 years.
3,Which oral structures can influence sound formation?,"Tongue size/position, soft palate, and posterior open bite",Lecture-verified,Lesson 08 Soft Tissue/Smile + Lesson 10 Child Development,"Speech can be affected by tongue size/position, soft palate function, and occlusal problems like open bite."
4,Which tissue does NOT have an adolescent growth spurt?,Nasal bone,Lecture-verified,Lesson 08 Soft Tissue/Smile — nose growth slides,"The nose lecture notes mark nasal bone as complete around age 10, so it does not show the adolescent spurt."
5,Where can endochondral bone formation be found?,Occipital bone,Lecture-verified,"Lesson 04 Cranial Vault/Cranial Base — bone formation, theories, hypothesis/law slides","Cranial base/occipital bone is endochondral. Maxilla, parietal, and mandibular corpus are intramembranous."
6,Which craniofacial dimension finishes growth first?,Transverse,Lecture-verified,Lesson 04/05 craniofacial growth sequence slides,"3D sequence: transverse finishes first, sagittal around puberty, vertical after puberty."
7,"In females, when do maxilla and mandible reach growth spurts by SMI?",Maxilla SMI6; Mandible SMI7,Lecture-verified,Lesson 09 Assessment of Growth Status — SMI/CVMI timing slides,The reviewed growth-spurt chart gives females: maxilla around SMI 6 and mandible around SMI 7.
8,A 3–4-year-old has mastered all language milestones EXCEPT:,Uses the same grammar as the rest of the family,Lecture-verified,Lesson 10 Children’s Growth & Development slides,Same grammar as family is later; preschool speech improves but is not fully adult-like.
9,When does mandibular intercanine distance reach maximum in females?,13 years old,Lecture-verified,Lesson 07 Dentitions — dental arch width/length changes,The TQ/lecture chart repeatedly gives girls around 13 years.
10,Post-pubertal crowding is most related to which growth?,Vertical growth,Verified with caution,Lesson 07 Dentitions + craniofacial growth slides,The repeated TQ key marks vertical growth as the main related factor.
11,Which does NOT influence physical growth?,Physical growth is influenced by all other choices,Lecture-verified,Lesson 10 Children’s Growth & Development slides,"Lecture lists growth as influenced by heredity, nutrition, social/environmental factors, ethnicity/culture."
12,Why avoid tooth-banded rapid palatal expansion in a young child with constricted maxillary arch?,May cause a nasal hump,Lecture-verified,Lesson 05 Maxilla — palatal suture/maxillary expansion notes,The repeated lecture/TQ warning is nasal hump risk after rapid expansion in young patients.
13,A child whose self-awareness intensifies with a push for independence is probably:,An adolescent patient,Lecture-verified,Lesson 10 Children’s Growth & Development slides,Adolescence is characterized by increased self-awareness and independence.
14,Which best defines temperament?,A trait instrumental in how a child reacts to people and situations,Lecture-verified,Lesson 10 Children’s Growth & Development slides,Temperament is biologically based and affects how the child reacts to people/situations; it is not totally unchangeable.
15,Which dimension has an adolescent growth spurt?,Vertical only,Lecture-verified,Lesson 04/05/06 sequence of craniofacial growth slides,The lecture/TQ emphasizes vertical dimension has the adolescent spurt and finishes last.
16,Mandibular anterior remodeling from incisors to canines is:,Buccal resorption; lingual deposition,Lecture-verified,"Lesson 06 Mandible — condyle, corpus, symphysis, ramus remodeling",Mandibular symphysis/anterior teeth: buccal resorption and lingual deposition.
17,Average SNA from 6 to 16/18 years:,Increases,Lecture-verified,Lecture screenshots + growth effects slides — SNA/SNB/ANB age changes,Growth effects note: SNA increases slightly with age.
18,Average SNB from 6 to 16/18 years:,Increases,Lecture-verified,Lecture screenshots + growth effects slides — SNA/SNB/ANB age changes,Growth effects note: SNB increases as the mandible grows forward.
19,Average ANB from 6 to 16 years:,Decreases,Lecture-verified,Lecture screenshots + growth effects slides — SNA/SNB/ANB age changes,"Because SNB increases more, ANB tends to decrease."
20,Average condylar growth direction in sagittal view:,Forward upward,Lecture-verified,"Lesson 06 Mandible — condyle, corpus, symphysis, ramus remodeling",The mandible lecture labels average condylar growth direction as forward and upward.
21,"Hearing, smell, and taste are functional before birth. This sensory statement is:",First true second false,Lecture-verified,Lesson 10 Physical Development slides,"Sensory capacities are physical development, but not all listed senses are equally functional before birth as phrased."
22,Skeletal facial convexity from 6 months to 18 years:,Decreases,Lecture-verified,Lesson 08 Soft Tissue/Smile — facial convexity/lip thickness/smile changes,Skeletal convexity decreases toward a straighter profile.
23,Embryologic stage disturbed in cleft lip/palate:,Weeks 4–6,Lecture-verified,Lesson 02 Craniofacial Embryology — facial cleft/fusion timing/processes,Primary/secondary palate and facial fusion issues occur around weeks 4–6 in these notes.
24,Language development is sequential and accelerates rapidly during the second year of life.,Both true,Lecture-verified,Lesson 10 Children’s Growth & Development slides,Both statements match pediatric language development notes.
25,Piaget cognitive development is based on child age; his theory states children move through age-related stages.,Both true,Lecture-verified,Lesson 10 Cognitive Development/Piaget slides,Piaget proposed staged cognitive development tied broadly to age ranges.
26,Which fontanelle closes last?,Anterior,Lecture-verified,Cranial vault lecture,The fontanelle closure slide lists anterior as the last to close.
27,Brain development is influenced by heredity but not environment.,False,Lecture-verified,Lesson 10 Children’s Growth & Development slides,Lecture emphasizes both nature and nurture influence brain development.
28,General stature growth spurt during adolescence occurs around:,CS3 to CS4,Lecture-verified,Lesson 09 Assessment of Growth Status — SMI/CVMI timing slides,Cervical vertebral stage notes: growth spurt between CS3 and CS4.
29,Biggest somatic growth spurt in boys occurs:,Before 1 year old,Lecture-verified,Somatic growth lecture,"Overall somatic growth is fastest during the first year of life, even though adolescent spurt is later."
30,Best stable maxillary superimposition landmark:,Anterior contour of zygomatic process,Lecture-verified,Lesson 09 Assessment of Growth Status — superimposition landmarks,Maxillary superimposition slide: only stable structure is anterior contour of the zygomatic process.
31,Processes that fail to fuse in cleft lip:,Maxillary and medial nasal processes,Lecture-verified,Lesson 02 Craniofacial Embryology — facial cleft/fusion timing/processes,Cleft lip involves failure of maxillary process fusion with medial nasal process.
32,Communicating with a 4-year-old in dental office—EXCEPT:,Avoid explaining consequences to actions,Lecture-verified,Lesson 10 Children’s Growth & Development slides,"For preschoolers, consequences can be explained simply; avoiding them is the exception."
33,Lip thickness from childhood to adulthood:,Increases then decreases,Lecture-verified,Lesson 08 Soft Tissue/Smile — facial convexity/lip thickness/smile changes,"Soft tissue notes: lip thickness increases, then decreases after adolescent growth spurt."
34,Craniofacial soft tissue with greatest thickness increase from 1 to 18:,Base of upper lip,Verified with caution,Lesson 08 Soft Tissue/Smile — facial convexity/lip thickness/smile changes,Repeated TQ key and soft tissue slide identify base of upper lip.
35,Sphenoid-ethmoid synchondrosis closes at:,6 years,Lecture-verified,Cranial base lecture,Synchondrosis closure sequence slide: spheno-ethmoid closes around 6 years.
36,Maxilla and mandible originate from which branchial arch?,First branchial arch,Lecture-verified,Lesson 02 Craniofacial Embryology — facial cleft/fusion timing/processes,Craniofacial embryology: maxilla and mandible derive from first branchial arch prominences.
37,Growth deficiency of midline facial structures such as fetal alcohol syndrome points to disturbance at:,Day 17 postfertilization,Lecture-verified,Lesson 02 Craniofacial Embryology — facial cleft/fusion timing/processes,Stage 1 germ layer formation/initial organization around day 17 is associated with FAS in the lecture table.
38,Which does NOT originate from neural crest cells?,Occipital bone,Verified with caution,Embryology/origins lecture,"Lecture shows occipital/parietal/basisphenoid behind coronal suture as mesoderm-derived, depending wording; among single best choices, occipital is not neural crest."
39,Which cells in teeth originate from neural crest cells?,Odontoblasts,Lecture-verified,Lesson 02 Craniofacial Embryology — facial cleft/fusion timing/processes,Odontoblasts derive from ectomesenchymal neural crest; ameloblasts derive from oral epithelium.
40,How did Angle name a dentition with no malocclusion?,Normal occlusion,Lecture-verified,Lesson 01 Introduction — normal occlusion/malocclusion prevalence/classification,Angle classification slide uses normal occlusion for no malocclusion.
41,Angle classification is primarily based on which plane?,Sagittal,Lecture-verified,Introduction/etiology lecture,Molar relationship/Class II/Class III are sagittal AP classifications.
42,Where is the line of occlusion on maxillary anterior teeth?,Cingulum,Lecture-verified,Lesson 01 Introduction/Angle classification slides,Quizlet/TQ note: maxillary anterior line of occlusion is at the cingulum.
43,Prevalence of normal occlusion in the United States:,30%,Lecture-verified,Lesson 01 Introduction — normal occlusion/malocclusion prevalence/classification,The lecture/TQ summary repeatedly states about 30%.
44,Malocclusion usually results from:,Complex interaction of factors,Lecture-verified,Lesson 03 Etiology of Malocclusion — etiologic factors/teratogens/synostosis,Etiology lecture states malocclusion usually reflects complex interactions influencing development.
45,Etiologic factors for malocclusion include:,"Specific causes, hereditary, and environmental influences",Lecture-verified,Lesson 03 Etiology of Malocclusion — etiologic factors/teratogens/synostosis,Etiology slide lists all three categories.
46,Teratogens at low dosage tend to cause:,Specific defects,Lecture-verified,Lesson 03 Etiology of Malocclusion — etiologic factors/teratogens/synostosis,Etiology slide: low dosage teratogens may cause specific defects; high dosage may be lethal.
47,Teratogens at high dosage tend to be:,Lethal,Lecture-verified,Lesson 03 Etiology of Malocclusion — etiologic factors/teratogens/synostosis,Lecture explicitly contrasts low-dose defects with high-dose lethal effects.
48,Synostosis means:,Early closure of sutures,Lecture-verified,Lesson 03 Etiology of Malocclusion — etiologic factors/teratogens/synostosis,Etiology lecture defines synostosis as early closure of sutures causing distortions.
49,"Last to develop among cranial vault, cranial base, maxilla, mandible:",Mandible,Lecture-verified,Lessons 04–09 craniofacial growth sequence and Scammon growth curve material,TQ and growth pattern notes mark mandible as last.
50,Which tissue reaches maximal maturity first?,Neural,Lecture-verified,Lesson 04/09 growth curves and maturation timing slides,Scammon curves: neural tissues mature earliest.
51,"On Scammon growth curve, maxilla most resembles:",Neural curve,Lecture-verified,Lesson 04/09 growth curves and maturation timing slides,TQ note: maxillary growth line most closely resembles neural curve.
52,"On Scammon growth curve, mandible most resembles:",General curve,Lecture-verified,Lesson 04/09 growth curves and maturation timing slides,Mandibular curve follows general/somatic growth more than maxilla.
53,Maximum disparity of growth occurs during:,Late childhood,Verified with caution,Lesson 04/09 growth curves and maturation timing slides,Repeated Quizlet/TQ key gives late childhood.
54,Best time to treat maxillary prognathism/overgrowth:,Before puberty,Lecture-verified,Growth/treatment timing lecture,Growth modification is better before pubertal growth completion.
55,A posterior crossbite in mixed dentition with functional shift needs:,Immediate treatment,Lecture-verified,Lecture clinical application screenshots + maxilla/soft tissue growth slides,"Functional shift can affect growth/adaptation, so immediate correction is recommended."
56,Posterior crossbite in mixed dentition with no shift/no abnormal wear:,Wait until permanent teeth come in,Verified with caution,Lecture clinical application screenshots + maxilla/soft tissue growth slides,TQ key says wait if no functional shift or abnormal wearing.
57,Adenoid 1.5–2x adult size with no airway obstruction:,No treatment needed,Lecture-verified,Lecture clinical application screenshots + maxilla/soft tissue growth slides,Repeated clinical TQ: enlarged adenoid without obstruction does not need treatment.
58,What is possibly the major growth determinant of mandible?,Soft tissue matrix,Lecture-verified,Lesson 06 Mandible + Lesson 04 growth determinants/function matrix slides,Growth determinant in functional matrix discussion points to soft tissue matrix.
59,Mandible formation is:,Intramembranous except condyle endochondral,Lecture-verified,"Lesson 06 Mandible — condyle, corpus, symphysis, ramus remodeling",Mandibular corpus is intramembranous; condylar head is endochondral.
60,Mandible develops directly from Meckel cartilage.,False,Lecture-verified,"Lesson 06 Mandible — condyle, corpus, symphysis, ramus remodeling",Lecture states mandible does not develop directly from Meckel’s cartilage.
61,Mandibular condyle is a growth center?,False,Verified with caution,Lesson 06 Mandible — condyle and growth theory material,TQ key flags mandibular condyle as NOT a primary growth center in this course framing.
62,Mental protuberance remodeling pattern:,Buccal deposition; lingual deposition,Lecture-verified,"Lesson 06 Mandible — condyle, corpus, symphysis, ramus remodeling",Chin/mental protuberance grows by apposition/deposition on both sides.
63,Anterior border of ascending ramus remodeling:,Buccal resorption; lingual resorption,Lecture-verified,"Lesson 06 Mandible — condyle, corpus, symphysis, ramus remodeling",TQ/mandible note gives resorption on both buccal and lingual at anterior ascending ramus.
64,A metal implant placed on anterior border of ascending ramus at age 3 will be found at age 25:,Nowhere on ascending ramus,Lecture-verified,Lesson 06 Mandible — implant/remodeling examples,"Ramus remodeling resorbs anterior border, so marker disappears from that surface."
65,Average growth pattern/displacement of the mandible is:,Downward and backward,Verified with caution,Lesson 06 Mandible — growth pattern/displacement diagrams,Mandible is translated downward and forward clinically but remodeling/growth pattern image often shows upward/backward at ramus; the repeated TQ wording for growth pattern image is up/back. Read the image carefully.
66,Average condyle growth direction is best simplified as:,Forward,Verified with caution,"Lesson 06 Mandible — condyle, corpus, symphysis, ramus remodeling",TQ key gives forward/forward-upward for condylar growth direction.
67,Maxillary skeletal growth is:,Growth and displacement in opposite directions,Lecture-verified,"Lesson 05 Maxilla — sutural growth, displacement, palatal expansion",Maxilla grows posterior/superior at sutures while displaced downward/forward.
68,Palatine growth is:,Growth and displacement same direction,Verified with caution,Lesson 05 Maxilla/Palatine growth slides,TQ key: palatine growth and displacement in same direction.
69,Major resistance to palatal expansion comes mainly from:,All circummaxillary sutures,Lecture-verified,"Lesson 05 Maxilla — sutural growth, displacement, palatal expansion","Lecture states major resistance is from circummaxillary sutures, not just mid-palatal suture."
70,Mid-palatal suture closure/interlocking statement:,Continues growing to ~16 girls/18 boys and rarely markedly closes until third decade,Lecture-verified,"Lesson 05 Maxilla — sutural growth, displacement, palatal expansion",Lecture rejects the simple “fused at 15” belief and describes later closure/interlocking.
71,Facial soft tissue growth perfectly parallels hard tissue growth.,False,Lecture-verified,Lesson 08 Soft Tissue/Smile — facial convexity/lip thickness/smile changes,Soft tissue lecture explicitly says it does not perfectly parallel underlying hard tissue.
72,Soft tissue convexity without the nose from 6 to 18 years:,Stays fairly constant,Lecture-verified,Lesson 08 Soft Tissue/Smile — facial convexity/lip thickness/smile changes,"When the nose is not considered, soft tissue convexity is quite stable after early changes."
73,Soft tissue convexity including the nose from 6 months to 18 years:,Decrease then increase,Lecture-verified,Lesson 08 Soft Tissue/Smile — facial convexity/lip thickness/smile changes,Including nasal growth reverses the apparent soft tissue convexity trend.
74,Nasal bone completes growth around:,10 years,Lecture-verified,Lesson 08 Soft Tissue/Smile — nose growth slides,Nose growth slide/TQ states nasal bone complete around age 10.
75,Age-related smile changes:,Transverse wider; vertical shorter/narrower,Lecture-verified,Lesson 08 Dynamic Smile Analysis slides,Dynamic smile analysis: smile becomes wider transversely and narrower vertically with age.
76,Lip separation from youth to adulthood:,Increases then decreases,Lecture-verified,Lesson 08 Soft Tissue/Smile — facial convexity/lip thickness/smile changes,Soft tissue notes: incisor display/lip separation increases then decreases.
77,Incisor display during late childhood and puberty:,Increases then decreases,Lecture-verified,Lesson 08 Soft Tissue/Smile — facial convexity/lip thickness/smile changes,Soft tissue smile notes show incisor display rises then drops with maturation.
78,Dental follicle is essential for tooth eruption.,True,Lecture-verified,"Lesson 07 Dentitions lecture — dental follicle, eruption sequence, arch changes",Dentition lecture shows tooth germ without sac does not erupt; sac/follicle is essential.
79,Coronal part of dental follicle regulates:,Osteoclastogenesis and bone resorption,Lecture-verified,"Lesson 07 Dentitions lecture — dental follicle, eruption sequence, arch changes",Eruption mechanism slide: coronal half regulates osteoclastogenesis/bone resorption.
80,Basal half of dental follicle regulates:,Osteogenesis needed for eruption,Lecture-verified,"Lesson 07 Dentitions lecture — dental follicle, eruption sequence, arch changes",Eruption mechanism slide: basal half regulates osteogenesis needed for eruption.
81,Primary dentition eruption sequence:,A-B-D-C-E,Lecture-verified,"Lesson 07 Dentitions lecture — dental follicle, eruption sequence, arch changes",Primary eruption sequence slide lists A→B→D→C→E.
82,Permanent maxillary eruption sequence:,6-1-2-4-5-3-7,Lecture-verified,"Lesson 07 Dentitions lecture — dental follicle, eruption sequence, arch changes",Dentition lecture gives maxillary 6→1→2→4→5→3→7.
83,Permanent mandibular eruption sequence:,6-1-2-3-4-5-7,Lecture-verified,"Lesson 07 Dentitions lecture — dental follicle, eruption sequence, arch changes",Dentition lecture gives mandibular 6→1→2→3→4→5→7.
84,Most permanent teeth emerge between which developmental stages?,F and G,Lecture-verified,"Lesson 07 Dentitions lecture — dental follicle, eruption sequence, arch changes",Dental age slide states most teeth emerge between stages F and G.
85,Permanent successors erupt relative to primary predecessors:,Lingually,Lecture-verified,"Lesson 07 Dentitions lecture — dental follicle, eruption sequence, arch changes",Dentition slide: permanent successors erupt lingually to primary predecessors.
86,Anomalies of number are associated with:,"Ectodermal dysplasia, cleft lip/palate, and cleidocranial dysplasia",Lecture-verified,Lesson 03 Etiology — dental anomalies and syndromic associations,TQ list names all three syndromic associations.
87,Example of microdontia:,Peg lateral,Lecture-verified,Lesson 03 Etiology — dental anomalies and syndromic associations,Peg lateral is a classic size anomaly/microdontia example.
88,Dens vaginatus is mainly an anomaly of:,Shape,Verified with caution,Lesson 03 Etiology — disturbances of dental development/anomalies,TQ key: problem is shape.
89,Lack of initiation in tooth life cycle causes:,Agenesis,Lecture-verified,Lesson 03 Etiology — dental development stages: initiation/proliferation/etc.,Dental development: failure of initiation leads to missing tooth/agenesis.
90,Overproliferation can cause:,Odontomas,Lecture-verified,Lesson 03 Etiology — dental development stages: initiation/proliferation/etc.,TQ/dental development: overproliferation may produce odontomas.
91,Histodifferentiation disturbances can affect:,Dentin and enamel,Lecture-verified,Lesson 03 Etiology — disturbances of dental development/anomalies,"Histodifferentiation affects tissue types, including dentin/enamel formation."
92,Morphodifferentiation disturbances can cause:,Taurodontia and peg lateral,Lecture-verified,Lesson 03 Etiology — disturbances of dental development/anomalies,Morphodifferentiation affects tooth shape/form.
93,First stage of permanent eruption around age 6 includes:,Mandibular incisors and first molars,Lecture-verified,"Lesson 07 Dentitions lecture — dental follicle, eruption sequence, arch changes",Dentition notes list mandibular incisors and first molars erupting around age 6.
94,Hypodontia most frequently affects:,Third molars,Verified with caution,Lesson 03 Etiology — disturbances of dental development/anomalies,TQ key states third molars are most frequently missing.
95,Clinical presentation of dental anomalies of number includes all EXCEPT:,Mandible,Lecture-verified,Lesson 03 Etiology — disturbances of dental development/anomalies,"Mandible is an anatomic bone, not a number anomaly presentation."
96,Oral habit tooth movement depends most critically on:,Duration,Lecture-verified,Lesson 03 Etiology — environmental influences and oral habits,"Orthodontic habit effects depend on intensity, duration, and frequency; duration is most critical for movement."
97,Oral habit considered abnormal toward the end of age group:,3–6,Verified with caution,Lesson 03 Etiology — environmental influences and oral habits,TQ key: oral habits become abnormal toward end of 3–6 age group.
98,Crowding from childhood to adulthood:,Increases,Lecture-verified,Dentition/occlusion lecture,Normal occlusion changes include increased crowding over time.
99,A distal step primary molar relationship becoming Class I permanent molar is approximately:,0%,Verified with caution,Dentition/occlusion lecture,TQ key states 0% for distal step becoming Class I.
100,Language and speech delays can be related to:,All choices,Lecture-verified,Lesson 10 Children’s Growth & Development slides,Pediatric development review lists multiple possible causes; single-cause thinking gets banished to the dungeon.
101,Fine motor development such as smiling is part of physical development.,True,Lecture-verified,Lesson 10 Physical Development slides,TQ and development notes treat fine motor/smiling as physical development.
102,Child development refers to periods of change and stability.,True,Lecture-verified,Lesson 10 Children’s Growth & Development slides,Lecture defines development as processes of change and stability from conception through adolescence.
103,Attachment occurs in the later half of a two-year-old.,False,Lecture-verified,Lesson 10 Psychosocial/Socio-emotional development slides,"TQ correction: attachment/separation anxiety appears earlier, around latter half of first year, not second year."
104,Separation and stranger anxiety appear during second half of second year.,False,Lecture-verified,Lesson 10 Psychosocial/Socio-emotional development slides,"Lecture/TQ correction says late first year, not second year."
105,All basic neural structures are present at birth; therefore postnatal influences cannot affect new brain connections.,"First true, second false",Lecture-verified,Children brain development lecture,"Basic structures exist at birth, but postnatal environment strongly affects connections."
106,All are cognitive characteristics of a 5-year-old EXCEPT:,Psychosocial item,Lecture-verified,Children cognitive development lecture,The “psychosocial” option is not a cognitive characteristic; sneaky goblin answer.
107,All are cognitive characteristics of a 2-year-old EXCEPT:,Attention span 4–8 minutes,Lecture-verified,Lesson 10 Children’s Growth & Development slides,TQ note says 2-year-old attention span is closer to 1–5 minutes; 4–8 is too high.
108,A child who is less egocentric is most likely in:,Early childhood around 5,Lecture-verified,Children cognitive development lecture,Review screenshot flags “less egocentric” as the key exception/characteristic around 5-year cognition.
109,Four domains of development include:,"Physical, cognitive, language, socio-emotional",Lecture-verified,Lesson 10 Children’s Growth & Development slides,Children development lecture lists four interrelated domains.
110,"Five periods of child development include prenatal, infancy/toddlerhood, early childhood, middle childhood, adolescence.",True,Lecture-verified,Lesson 10 Children’s Growth & Development slides,This is directly listed in the child development lecture objectives/slides.
111,Schema is associated with:,Jean Piaget,Lecture-verified,Children cognitive development lecture,Children development slide states schema is a term put forward by Piaget.
112,Schemas can contribute to stereotypes by filtering new information.,True,Lecture-verified,Children cognitive development lecture,Lecture slide notes schemas can exclude information and reinforce pre-existing beliefs/stereotypes.
113,Best growth assessment method in order is:,"Serial cephalometric superimposition, hand-wrist, cervical vertebrae",Lecture-verified,Assessment of growth status,"Assessment lecture ranks serial ceph superimposition best, hand-wrist second, cervical vertebrae third."
114,Hand-wrist radiograph is generally more accurate than cervical vertebrae for growth assessment in this lecture ranking.,True,Lecture-verified,Assessment of growth status,The lecture ranking places hand-wrist above cervical vertebrae.
115,Structural method of superimposition was developed by:,Arne Björk,Lecture-verified,Assessment lecture,Assessment slide: Structural Method of Superimposition developed by Dr. Arne Björk.
116,Stable anterior cranial base structures include inner contour of anterior wall of sella turcica and cribriform plate contour.,True,Lecture-verified,Assessment lecture,The superimposition slide lists these among stable anterior cranial base structures.
117,Primary vertical maxillary superimposition structures include:,Orbital floor apposition and nasal floor resorption,Lecture-verified,Assessment lecture,Assessment slide: orbital floor apposition upward and nasal floor resorption downward.
118,Theory can become a law if proven enough.,False,Lecture-verified,"Lesson 04 Cranial Vault/Cranial Base — bone formation, theories, hypothesis/law slides",Growth theory slide states a theory cannot become a law; they serve different roles.
119,A scientific hypothesis is:,"A proposed answer to a researchable, testable question",Lecture-verified,"Lesson 04 Cranial Vault/Cranial Base — bone formation, theories, hypothesis/law slides","Lecture describes hypothesis as a proposed, testable explanatory answer."
120,Which has weakest evidence strength?,Professional opinion,Verified with caution,Lecture screenshot material on evidence strength; verified conceptually against review slides,TQ key: professional opinions are weakest evidence.
121,Functional matrix hypothesis was proposed by:,Moss,Lecture-verified,"Lesson 04 Cranial Vault/Cranial Base — bone formation, theories, hypothesis/law slides",History of growth theories slide lists Functional Matrix Hypothesis with Moss.
122,Nasal septum theory was associated with:,Scott,Lecture-verified,"Lesson 04 Cranial Vault/Cranial Base — bone formation, theories, hypothesis/law slides",History slide lists nasal septum theory (1950s): Scott.
123,Sutural theory was associated with:,Weinmann and Sicher,Lecture-verified,"Lesson 04 Cranial Vault/Cranial Base — bone formation, theories, hypothesis/law slides",History slide lists sutural theory with Weinmann & Sicher.
